"date","hf_excess_return","market_excess_return","high_minus_low","small_minus_big"
01/07/1926,-3.77212,2.96,-2.87,-2.3
01/08/1926,6.6704,2.64,4.19,-1.4
01/09/1926,-1.25794,0.36,0.01,-1.32
01/10/1926,-2.53438,-3.24,0.51,0.04
01/11/1926,1.82628,2.53,-0.35,-0.2
01/12/1926,2.5725,2.62,-0.02,-0.04
01/01/1927,5.84994,-0.06,4.83,-0.56
01/02/1927,8.44175,4.18,3.17,-0.1
01/03/1927,-5.4935,0.13,-2.67,-1.6
01/04/1927,1.81305,0.46,0.6,0.43
01/05/1927,13.97026,5.44,4.93,1.41
01/06/1927,-3.86993,-2.34,-1.53,0.47
01/07/1927,1.77086,7.26,-1.16,-3.23
01/08/1927,-3.92739,1.97,-3.69,-0.72
01/09/1927,-0.56492,4.76,-0.71,-3.57
01/10/1927,-7.64403,-4.31,-4.33,2.13
01/11/1927,9.64368,6.58,-0.31,2.76
01/12/1927,1.82251,2.09,-1.06,0.93
01/01/1928,3.57705,-0.68,-0.72,4.25
01/02/1928,-5.16069,-1.7,-0.69,-2.03
01/03/1928,6.94771,8.81,-1.2,-0.26
01/04/1928,14.00772,4.23,3.67,3.82
01/05/1928,0.49615,1.52,-3.46,2.98
01/06/1928,-9.30968,-4.85,-0.06,-3.5
01/07/1928,-1.67689,0.62,-0.47,-1.35
01/08/1928,1.31603,6.68,-2.11,-2.07
01/09/1928,7.14397,2.88,0.99,2.33
01/10/1928,1.05597,1.33,-2.26,2.27
01/11/1928,13.54507,11.81,2.8,-1.81
01/12/1928,-1.49525,0.36,-0.6,-0.85
01/01/1929,-1.30195,4.66,-1.21,-3.54
01/02/1929,1.4745,-0.34,1.68,-0.39
01/03/1929,-4.54388,-0.89,1.61,-4.74
01/04/1929,1.02671,1.43,0.6,-1
01/05/1929,-14.98501,-6.39,-1.4,-5.35
01/06/1929,3.36062,9.7,-2.76,-2.17
01/07/1929,3.35953,4.46,2.66,-3.88
01/08/1929,-3.37815,8.18,0.06,-9.52
01/09/1929,-4.94249,-5.47,-0.63,1.17
01/10/1929,-14.67694,-20.12,7.85,-4.08
01/11/1929,-7.96393,-12.74,5.33,-1.9
01/12/1929,-4.80408,1.33,-0.59,-4.33
01/01/1930,8.66834,5.61,-1.01,3.54
01/02/1930,3.22957,2.5,0.39,0.13
01/03/1930,11.61422,7.1,0.15,3.43
01/04/1930,-3.48462,-2.06,-0.84,-0.2
01/05/1930,-5.05617,-1.66,-0.63,-2.04
01/06/1930,-17.72277,-16.27,2,-3.24
01/07/1930,1.5886,4.12,-1.56,-0.37
01/08/1930,-3.49372,0.3,-0.78,-2.22
01/09/1930,-22.85111,-12.75,-5.27,-2.22
01/10/1930,-10.85512,-8.78,-1.35,-0.1
01/11/1930,-5.17573,-3.04,-3.53,2.21
01/12/1930,-21.07247,-7.83,-5.4,-4.67
01/01/1931,20.75738,6.24,7.16,3.77
01/02/1931,17.37595,10.88,1.61,3.38
01/03/1931,-7.72395,-6.43,-3.66,3.07
01/04/1931,-21.18923,-9.98,-3.94,-4.62
01/05/1931,-16.01583,-13.24,-6.58,5.17
01/06/1931,22.88323,13.9,11.31,-5.38
01/07/1931,-7.79989,-6.62,-2.1,1.43
01/08/1931,-4.05998,0.41,-1.49,-1.97
01/09/1931,-38.01432,-29.13,-6.75,0.56
01/10/1931,8.15601,8.04,1.7,-1.87
01/11/1931,-10.77244,-9.08,-5.05,4.3
01/12/1931,-26.48592,-13.53,-8.86,-0.56
01/01/1932,15.61885,-1.58,9.04,3.94
01/02/1932,0.11858,5.46,-1.45,-2.77
01/03/1932,-11.7067,-11.21,-2.32,2.27
01/04/1932,-14.45451,-17.96,1.42,1.44
01/05/1932,-20.02398,-20.51,-2.99,3.91
01/06/1932,6.96084,-0.7,5.3,0.34
01/07/1932,77.20829,33.84,35.46,-4.44
01/08/1932,100.26264,37.06,33.03,14.29
01/09/1932,-15.29939,-2.94,-6.82,-2.44
01/10/1932,-30.46018,-13.17,-10.05,-2.76
01/11/1932,-21.53395,-5.88,-13.28,2.08
01/12/1932,-16.90716,4.4,-8.17,-8.27
01/01/1933,10.63134,1.25,6.23,0.69
01/02/1933,-22.54997,-15.24,-2.73,-2.75
01/03/1933,18.22552,3.29,7.38,3.9
01/04/1933,68.75761,38.85,17.43,4.56
01/05/1933,92.96284,21.43,19.03,36.7
01/06/1933,21.02406,13.11,-2.05,8.56
01/07/1933,-6.52673,-9.63,3.27,-1.01
01/08/1933,9.50796,12.05,2.96,-5.45
01/09/1933,-27.24091,-10.65,-11.77,-0.32
01/10/1933,-20.11579,-8.36,-8.46,-0.08
01/11/1933,5.28177,9.97,2.33,-6.48
01/12/1933,0.57733,1.83,-1.53,0.66
01/01/1934,49.43288,12.6,15.54,12.53
01/02/1934,6.77125,-2.5,2.12,5.19
01/03/1934,-0.54003,0.09,-2.73,2.51
01/04/1934,-3.48245,-1.79,-3.75,2.8
01/05/1934,-15.72171,-7.25,-5.91,-0.26
01/06/1934,-3.95111,2.64,-2.92,-2.14
01/07/1934,-34.16478,-10.96,-10.64,-6.92
01/08/1934,12.90925,5.58,0.45,5.39
01/09/1934,-3.75419,-0.23,-1.22,-1.5
01/10/1934,-7.11669,-1.66,-5.11,1.25
01/11/1934,13.39868,8.33,-2.24,6.5
01/12/1934,-0.23298,0.36,-3.2,3.06
01/01/1935,-4.67834,-3.45,-1.86,1.1
01/02/1935,-11.39531,-1.94,-7.27,0.41
01/03/1935,-15.09796,-3.68,-5.1,-3.57
01/04/1935,13.24302,9.06,4.35,-1.51
01/05/1935,2.84376,3.47,2.56,-3.38
01/06/1935,0.64968,5.93,-1.65,-2.51
01/07/1935,18.79411,7.51,6.86,1.47
01/08/1935,18.22406,2.65,5.7,6.28
01/09/1935,-0.93927,2.63,-4.05,1.57
01/10/1935,7.19553,7.03,-2.33,2.64
01/11/1935,26.48733,4.88,11.91,4.28
01/12/1935,6.35836,4.56,1.07,0.23
01/01/1936,27.67155,6.89,10.51,5.14
01/02/1936,10.81009,2.49,5.04,1.14
01/03/1936,-0.45729,0.99,-1.66,0.65
01/04/1936,-18.53854,-8.14,-2.08,-6.04
01/05/1936,9.87785,5.19,2.63,0.83
01/06/1936,-3.24019,2.4,-1.2,-3.26
01/07/1936,11.66285,6.67,2.56,1.14
01/08/1936,7.33613,0.99,3.99,0.72
01/09/1936,5.98042,0.98,0.88,3.07
01/10/1936,7.69358,7.12,2.52,-2.39
01/11/1936,13.17734,3.27,-0.92,9.01
01/12/1936,10.08007,0.21,3.96,3.61
01/01/1937,12.26782,3.35,2.61,4.31
01/02/1937,9.52869,1.09,5.05,1.23
01/03/1937,6.25489,-0.27,6.39,-1.78
01/04/1937,-17.03948,-7.36,-3.61,-3.77
01/05/1937,-6.42943,-0.83,-3.49,-0.66
01/06/1937,-13.14012,-4.21,-3.21,-3.65
01/07/1937,11.17865,8.91,0.82,0.85
01/08/1937,-7.46586,-4.86,-2.25,0.42
01/09/1937,-28.51374,-13.61,-4.57,-6.89
01/10/1937,-11.39275,-9.61,-1.62,0.45
01/11/1937,-12.63525,-8.31,0.2,-3.65
01/12/1937,-14.39588,-4.24,-0.39,-7.76
01/01/1938,4.44498,0.49,-1.6,4.97
01/02/1938,3.58565,5.84,-2.02,0.35
01/03/1938,-34.15186,-23.82,-3.52,-4.24
01/04/1938,22.7962,14.51,0.18,6.37
01/05/1938,-7.30409,-3.83,-0.28,-2.47
01/06/1938,29.55684,23.87,0.3,4.05
01/07/1938,18.61668,7.34,2.18,6.66
01/08/1938,-12.16262,-2.67,-4.72,-2.44
01/09/1938,-4.75889,0.81,-1.62,-2.72
01/10/1938,21.92397,7.8,5.01,5.83
01/11/1938,-6.58371,-1.72,-1.23,-2.56
01/12/1938,2.71145,4.19,0.5,-1.8
01/01/1939,-13.31448,-5.96,-3.92,-1.56
01/02/1939,8.36552,3.51,2.95,0.63
01/03/1939,-29.33844,-11.99,-8.29,-4.76
01/04/1939,1.45793,-0.18,-0.3,1.66
01/05/1939,10.98161,6.8,0.47,2.81
01/06/1939,-14.01893,-5.31,-5.41,-1.02
01/07/1939,15.64949,10.24,-0.03,4.32
01/08/1939,-15.75605,-6.68,-2.42,-4.61
01/09/1939,72.40296,16.88,22.22,20.23
01/10/1939,-7.23204,-0.53,-4.89,-0.01
01/11/1939,-18.7385,-3.62,-6.46,-5.07
01/12/1939,-1.50398,3.03,-4.06,0.79
01/01/1940,-3.18569,-2.41,-0.77,0.24
01/02/1940,4.11201,1.44,-0.32,2.51
01/03/1940,1.88261,2.05,-1.27,1.25
01/04/1940,4.88386,0.22,-0.13,3.92
01/05/1940,-35.46261,-21.95,-3.69,-6.66
01/06/1940,10.44231,6.67,4.63,-2.13
01/07/1940,3.43691,3.16,-0.74,1.01
01/08/1940,2.84507,2.19,0.56,-0.11
01/09/1940,4.84733,2.39,-1.13,3.22
01/10/1940,9.73088,3.02,4.64,0.28
01/11/1940,0.9191,-1.61,0.12,1.94
01/12/1940,-3.16805,0.69,-0.89,-2.15
01/01/1941,2.25559,-4.17,3.83,1
01/02/1941,-2.17866,-1.43,0.89,-1.57
01/03/1941,5.13454,0.84,3.04,0.1
01/04/1941,-2.94531,-5.46,3.41,-1.69
01/05/1941,1.41658,1.39,0.6,-0.66
01/06/1941,8.34218,5.83,0.59,1.32
01/07/1941,22.88511,5.87,7.25,5.7
01/08/1941,-2.18645,-0.17,-1.1,-0.41
01/09/1941,-2.47754,-0.87,-0.28,-0.99
01/10/1941,-5.5745,-5.25,1.63,-2.02
01/11/1941,-4.30432,-1.92,-0.64,-1.21
01/12/1941,-16.72288,-4.87,-5.94,-2.98
01/01/1942,23.8823,0.79,10.1,7.52
01/02/1942,-1.90655,-2.46,-1.13,1.72
01/03/1942,-5.30224,-6.58,-0.62,1.78
01/04/1942,-2.31559,-4.37,2.09,-0.6
01/05/1942,-1.37742,5.94,-2.65,-3.05
01/06/1942,1.94741,2.69,0.54,-1.22
01/07/1942,6.63096,3.51,2.4,-0.16
01/08/1942,3.53115,1.8,1.33,-0.09
01/09/1942,6.72144,2.61,2.39,0.66
01/10/1942,17.97861,6.82,6.47,1.82
01/11/1942,-7.54648,0.15,-4.24,-1.54
01/12/1942,2.87262,5.12,0.56,-2.49
01/01/1943,29.30196,7.13,8.23,8.78
01/02/1943,21.09877,6.15,6.51,4.84
01/03/1943,19.76667,6.01,5.48,5.03
01/04/1943,11.36779,0.81,5.86,2.06
01/05/1943,15.73243,5.74,3.28,4.41
01/06/1943,-0.48479,1.82,-0.74,-1.06
01/07/1943,-10.90773,-4.77,-2.27,-2.41
01/08/1943,-0.08801,1.3,-0.47,-0.62
01/09/1943,5.96241,2.4,1.43,1.28
01/10/1943,1.81125,-1.15,1.65,0.58
01/11/1943,-13.52198,-5.91,-4.04,-1.64
01/12/1943,14.95066,6.36,3.22,3.34
01/01/1944,7.88375,1.74,2.17,2.56
01/02/1944,1.38988,0.37,0.83,-0.1
01/03/1944,9.27506,2.46,3.43,1.71
01/04/1944,-4.92038,-1.69,-1.13,-1.35
01/05/1944,8.57507,5.07,1.02,1.67
01/06/1944,13.03053,5.49,1.82,4.04
01/07/1944,-1.41127,-1.49,-0.43,0.55
01/08/1944,2.33225,1.57,-1.63,2.41
01/09/1944,-1.06904,0.01,-1.21,0.47
01/10/1944,-0.48473,0.16,-0.34,-0.14
01/11/1944,5.34333,1.71,2.31,0.37
01/12/1944,14.9145,4.03,5.91,2.24
01/01/1945,6.0207,2.01,0.71,2.44
01/02/1945,14.24618,6.23,4.4,1.56
01/03/1945,-8.35624,-3.89,-1.78,-1.61
01/04/1945,12.66595,7.8,3.21,0.32
01/05/1945,4.08695,1.73,0.35,1.51
01/06/1945,10.12134,0.39,4.32,3.1
01/07/1945,-7.70133,-2.17,-2.71,-1.46
01/08/1945,2.24802,6.2,-4.4,1.61
01/09/1945,7.60198,4.77,0.48,1.71
01/10/1945,10.04782,3.89,2.25,2.46
01/11/1945,16.52537,5.39,4.34,4.16
01/12/1945,0.66059,1.2,-2.32,2.12
01/01/1946,14.3039,6.24,2.21,4.02
01/02/1946,-8.53963,-5.83,-1.27,-0.73
01/03/1946,5.83989,5.87,-0.36,0.31
01/04/1946,7.81899,4.23,0.45,2.37
01/05/1946,7.25885,3.93,1.09,1.46
01/06/1946,-6.63971,-3.89,-0.59,-1.53
01/07/1946,-5.21904,-2.69,0.04,-2.06
01/08/1946,-7.89293,-6.44,0.6,-1.78
01/09/1946,-18.41082,-10.17,-1.96,-4.41
01/10/1946,3.34507,-1.44,3.44,0.09
01/11/1946,1.57119,-0.01,1.52,-0.4
01/12/1946,3.21818,4.96,-1.38,0.06
01/01/1947,2.94933,1.25,-0.73,2.18
01/02/1947,-0.06601,-1.08,0.14,0.68
01/03/1947,-2.85306,-1.67,0.61,-1.61
01/04/1947,-8.58772,-4.8,0.85,-3.97
01/05/1947,-4.53216,-0.97,0.34,-3.26
01/06/1947,4.15812,5.29,-0.6,-0.31
01/07/1947,9.81547,4.14,2.82,1.43
01/08/1947,-1.17912,-1.74,0.16,0.3
01/09/1947,3.33712,-0.54,1.36,1.64
01/10/1947,3.24808,2.47,0.08,0.51
01/11/1947,-2.69148,-1.97,1.06,-1.74
01/12/1947,5.01974,3,3.69,-2.48
01/01/1948,0.97961,-3.93,1.38,2.49
01/02/1948,-6.4507,-4.38,0.07,-1.71
01/03/1948,14.45681,8.07,4.49,0.13
01/04/1948,7.24151,3.65,4.1,-1.66
01/05/1948,6.84668,7.3,-1.23,0.93
01/06/1948,1.35814,-0.1,2.75,-1.86
01/07/1948,-5.45196,-5.09,0.07,-0.32
01/08/1948,-0.73143,0.25,0.27,-1.1
01/09/1948,-6.97566,-2.97,-1.79,-1.23
01/10/1948,4.94487,5.96,0.56,-1.5
01/11/1948,-15.83041,-9.3,-4.14,-0.62
01/12/1948,-2.81348,3.26,-1.94,-2.8
01/01/1949,4.06973,0.23,1.17,1.81
01/02/1949,-6.55038,-2.93,-0.91,-1.89
01/03/1949,8.97695,4.04,1.34,2.48
01/04/1949,-4.60165,-1.87,-1.18,-0.89
01/05/1949,-7.22256,-2.94,-2.42,-0.77
01/06/1949,-3.39646,0.1,-1.76,-0.88
01/07/1949,6.838,5.54,0.38,0.57
01/08/1949,2.01248,2.6,-0.57,0.13
01/09/1949,4.7448,3.09,0.23,1.05
01/10/1949,3.78006,3.14,-0.49,1.03
01/11/1949,-0.55726,1.82,-0.91,-0.93
01/12/1949,10.14508,5.13,1.75,2.07
01/01/1950,6.04911,1.7,0.14,3.36
01/02/1950,0.43873,1.48,-0.81,0.04
01/03/1950,-4.24803,1.26,-2.77,-1.41
01/04/1950,8.27248,3.94,1.34,1.99
01/05/1950,2.37526,4.31,0.46,-2.12
01/06/1950,-10.00766,-5.94,-0.78,-2.38
01/07/1950,20.67021,1.36,13.66,0.51
01/08/1950,3.8764,4.85,-1.41,0.73
01/09/1950,4.04626,4.81,-1.11,0.57
01/10/1950,1.06635,-0.18,1.44,-0.58
01/11/1950,6.08461,2.76,3.17,-0.84
01/12/1950,17.32156,5.54,7.23,1.49
01/01/1951,12.98749,5.7,3.72,1.73
01/02/1951,-2.33114,1.41,-2.83,0.09
01/03/1951,-8.73912,-2.15,-4.22,-0.64
01/04/1951,7.56969,4.86,3.28,-1.49
01/05/1951,-4.19572,-2.34,-1.33,-0.01
01/06/1951,-10.46856,-2.62,-3.96,-1.95
01/07/1951,7.32271,6.94,2.01,-1.99
01/08/1951,5.33419,4.27,-0.16,0.99
01/09/1951,3.87755,0.7,0.61,1.9
01/10/1951,-2.48142,-2.53,0.25,-0.22
01/11/1951,0.15885,0.57,-0.05,-0.29
01/12/1951,-1.53592,3.33,-1.56,-2.25
01/01/1952,2.82537,1.45,1.54,-0.61
01/02/1952,-2.51003,-2.62,-0.61,0.79
01/03/1952,3.76127,4.44,2.16,-2.99
01/04/1952,-4.57032,-4.97,-0.1,0.48
01/05/1952,2.10982,3.2,0.08,-1.01
01/06/1952,3.56775,3.83,1.23,-1.61
01/07/1952,-0.05062,0.91,-0.35,-0.4
01/08/1952,0.73693,-0.76,0.03,1.18
01/09/1952,-2.69632,-2.03,-1.51,1.15
01/10/1952,-2.59716,-0.66,-0.45,-1.06
01/11/1952,6.42606,5.94,0.95,-0.71
01/12/1952,1.39155,2.93,0.18,-1.48
01/01/1953,5.88072,-0.34,1.32,3.58
01/02/1953,2.26352,-0.27,-0.08,2.15
01/03/1953,-2.76645,-1.43,-0.8,-0.19
01/04/1953,-0.41904,-2.83,1.53,0.28
01/05/1953,0.75556,0.52,0.23,-0.07
01/06/1953,-4.85405,-1.89,-0.47,-1.86
01/07/1953,0.81286,2.4,-0.24,-1.05
01/08/1953,-8.96817,-4.52,-3.54,0.36
01/09/1953,-4.14436,0.2,-2.42,-0.85
01/10/1953,2.7036,4.6,-0.19,-1.37
01/11/1953,1.03185,2.83,-0.17,-1.29
01/12/1953,-4.88616,0.03,-2.84,-0.84
01/01/1954,10.55651,5.13,3.51,0.46
01/02/1954,1.10257,1.67,-0.28,-0.17
01/03/1954,1.09113,3.65,-1.46,-0.49
01/04/1954,-0.47185,4.27,-0.37,-3.48
01/05/1954,6.96738,3.09,2.46,0.39
01/06/1954,1.54172,1.07,-0.03,0.41
01/07/1954,11.9832,4.99,4.11,1.07
01/08/1954,-0.9355,-2.34,-1.36,2.66
01/09/1954,4.22649,6.39,0.66,-2.54
01/10/1954,0.01452,-1.67,0.72,0.59
01/11/1954,12.22177,9.38,4.36,-2.62
01/12/1954,15.9867,5.48,5.71,2.14
01/01/1955,3.88719,0.6,2.18,0.25
01/02/1955,5.81333,3.02,0.62,1.54
01/03/1955,1.69107,-0.16,1.95,-0.66
01/04/1955,2.05451,3.11,0.81,-1.79
01/05/1955,-0.60073,0.93,-0.86,-0.29
01/06/1955,3.51341,6.55,1.92,-4.65
01/07/1955,1.10226,1.9,0.63,-1.36
01/08/1955,0.52951,0.21,0.58,-0.38
01/09/1955,-1.44373,-0.36,-1.06,0.3
01/10/1955,-0.9063,-2.68,-0.03,1.5
01/11/1955,4.75681,7.03,0.5,-2.46
01/12/1955,1.02123,1.49,-2.24,2.08
01/01/1956,-0.99488,-3.03,1.12,0.44
01/02/1956,1.80589,3.77,-0.53,-1.04
01/03/1956,3.54916,6.64,-0.14,-2.42
01/04/1956,0.12114,0.28,-0.18,0.07
01/05/1956,-5.22376,-5.2,-1.33,1.5
01/06/1956,-0.08931,3.48,-1.32,-1.46
01/07/1956,2.80558,4.84,-0.01,-1.68
01/08/1956,-1.84593,-3.18,-0.71,1.9
01/09/1956,-0.83318,-5.14,1.79,1.56
01/10/1956,0.32349,0.52,-0.06,-0.09
01/11/1956,2.52355,0.36,1.78,-0.22
01/12/1956,0.30122,3.16,-2.1,-0.03
01/01/1957,4.36717,-3.58,2.78,3.4
01/02/1957,-3.96087,-2.06,-0.73,-0.72
01/03/1957,1.84567,2.13,-0.47,0.27
01/04/1957,0.28078,4.26,-1.51,-1.6
01/05/1957,-0.63159,3.45,-2.05,-1.07
01/06/1957,-0.05219,-0.74,0.01,0.55
01/07/1957,0.25883,0.66,0.38,-0.76
01/08/1957,-5.71417,-5.11,-0.45,0.06
01/09/1957,-4.74868,-5.98,0.88,0.08
01/10/1957,-9.98183,-4.32,-1.83,-2.52
01/11/1957,-1.13604,2.3,-2.9,0.4
01/12/1957,-7.44544,-3.91,-1.71,-0.93
01/01/1958,15.86997,4.66,4.23,4.36
01/02/1958,-0.28552,-1.52,0.28,0.7
01/03/1958,2.83185,3.27,-0.92,0.63
01/04/1958,4.39118,3.09,1.46,-0.59
01/05/1958,4.62604,2.31,-0.35,2.24
01/06/1958,3.35113,2.93,0.5,-0.24
01/07/1958,9.28766,4.39,3.12,0.47
01/08/1958,3.80678,1.91,0.29,1.19
01/09/1958,8.94584,4.66,2.96,0.15
01/10/1958,2.34021,2.53,-1.18,1.13
01/11/1958,3.83555,3.01,-1.29,2.06
01/12/1958,2.59723,5.15,-0.05,-2.07
01/01/1959,8.50637,0.71,2.98,3.02
01/02/1959,4.24016,0.95,1.05,1.49
01/03/1959,1.63572,0.28,-0.35,1.48
01/04/1959,1.31584,3.66,-1.22,-0.58
01/05/1959,1.65612,1.73,1.87,-2.15
01/06/1959,2.41279,-0.25,1.33,0.68
01/07/1959,3.16308,3.17,0.26,-0.32
01/08/1959,-1.76922,-1.39,0.44,-0.78
01/09/1959,-4.18957,-4.8,0.57,-0.09
01/10/1959,0.26541,1.28,-2.05,1.43
01/11/1959,-1.32384,1.6,-3.27,1.24
01/12/1959,1.68884,2.45,-0.03,-0.6
01/01/1960,-0.76095,-6.98,2.73,2.09
01/02/1960,-0.8974,1.17,-1.99,0.51
01/03/1960,-6.18173,-1.63,-2.85,-0.51
01/04/1960,-4.39272,-1.71,-2.23,0.31
01/05/1960,-0.47762,3.12,-3.76,1.21
01/06/1960,1.36275,2.08,-0.34,-0.22
01/07/1960,-0.28628,-2.37,2.01,-0.51
01/08/1960,3.89185,3.01,-0.17,0.88
01/09/1960,-5.29743,-5.99,1.55,-1.1
01/10/1960,-2.01357,-0.71,2.66,-4
01/11/1960,1.78306,4.69,-2.52,0.39
01/12/1960,1.77868,4.71,-0.76,-1.58
01/01/1961,12.15261,6.2,3.7,0.66
01/02/1961,7.50622,3.57,-0.74,3.98
01/03/1961,5.87735,2.89,-0.83,3.31
01/04/1961,3.25795,0.29,2.1,0.07
01/05/1961,5.45294,2.4,0.4,2
01/06/1961,-6.41801,-3.08,-0.21,-2.45
01/07/1961,0.39508,2.83,-0.11,-1.88
01/08/1961,0.05654,2.57,-0.28,-1.75
01/09/1961,-4.25525,-2.15,-0.58,-1.05
01/10/1961,0.78164,2.57,0.12,-1.61
01/11/1961,4.409,4.45,-1.19,1.24
01/12/1961,1.29413,-0.18,1.83,-0.83
01/01/1962,5.23575,-3.87,5.09,1.78
01/02/1962,1.56243,1.81,0.85,-1.16
01/03/1962,-1.98944,-0.68,-1.43,0.53
01/04/1962,-7.47368,-6.59,0.03,-0.68
01/05/1962,-9.06472,-8.65,2.78,-3.33
01/06/1962,-5.79967,-8.47,2.54,-0.57
01/07/1962,3.50024,6.28,-3.44,1.49
01/08/1962,2.04854,2.13,-1.19,1.23
01/09/1962,-6.59732,-5.22,1.23,-2.43
01/10/1962,-3.19678,-0.05,1.29,-3.97
01/11/1962,15.59184,10.87,1.01,2.61
01/12/1962,-3.22112,1.01,0.33,-3.8
01/01/1963,11.86012,4.93,2.26,3.06
01/02/1963,1.23372,-2.38,2.21,0.5
01/03/1963,2.74705,3.08,2.1,-2.62
01/04/1963,4.33448,4.51,1.01,-1.31
01/05/1963,6.58474,1.76,2.5,1.12
01/06/1963,-1.38321,-2,0.7,-0.25
01/07/1963,-2.22048,-0.39,-0.83,-0.56
01/08/1963,6.24691,5.07,1.67,-0.94
01/09/1963,-1.7126,-1.57,0.18,-0.3
01/10/1963,1.75433,2.53,-0.1,-0.54
01/11/1963,0.08521,-0.85,1.71,-1.13
01/12/1963,-0.73865,1.83,-0.12,-1.97
01/01/1964,4.19804,2.24,1.59,-0.19
01/02/1964,5.55568,1.54,2.83,0.1
01/03/1964,7.18316,1.41,3.32,0.99
01/04/1964,-2.34258,0.1,-0.55,-1.37
01/05/1964,3.02598,1.42,1.98,-0.9
01/06/1964,1.89654,1.27,0.68,-0.26
01/07/1964,3.04032,1.74,0.68,0.28
01/08/1964,-1.22947,-1.44,0.09,0.09
01/09/1964,4.34946,2.69,1.65,-0.51
01/10/1964,2.6934,0.59,1.14,0.43
01/11/1964,-1.96039,0,-1.98,0.61
01/12/1964,-3.78011,0.03,-2.55,-0.26
01/01/1965,7.15771,3.54,0.18,2.7
01/02/1965,5.03137,0.44,0.22,3.48
01/03/1965,2.33722,-1.34,1.09,1.79
01/04/1965,5.60404,3.11,0.71,1.2
01/05/1965,-2.96139,-0.77,-1.63,0.04
01/06/1965,-10.19855,-5.51,0.55,-4.35
01/07/1965,5.49867,1.43,2.18,0.87
01/08/1965,4.91932,2.73,-0.96,2.81
01/09/1965,3.50115,2.86,-0.1,0.61
01/10/1965,7.76663,2.6,1.52,2.48
01/11/1965,6.04108,-0.03,0.21,4.68
01/12/1965,6.25278,1.01,1.95,2.08
01/01/1966,10.2999,0.72,3.49,3.89
01/02/1966,4.74968,-1.21,0.27,4.54
01/03/1966,-4.21725,-2.51,-2.07,0.94
01/04/1966,5.68085,2.14,-0.54,3.45
01/05/1966,-13.65141,-5.66,-1.55,-4.7
01/06/1966,0.47759,-1.44,0.5,1.02
01/07/1966,-0.87827,-1.63,0.96,-0.44
01/08/1966,-11.35435,-7.91,0.47,-3.23
01/09/1966,-1.6789,-1.06,0.53,-1.07
01/10/1966,-0.36099,3.86,2.87,-6.64
01/11/1966,0.52822,1.4,-4.46,4.22
01/12/1966,0.76679,0.13,-1.22,1.86
01/01/1967,21.54705,8.15,2.22,8.32
01/02/1967,1.95375,0.78,-2.17,3.34
01/03/1967,6.48072,3.99,0.31,1.63
01/04/1967,1.08643,3.89,-2.64,0.62
01/05/1967,-0.83678,-4.33,0.8,1.98
01/06/1967,11.10975,2.41,0.96,5.96
01/07/1967,12.06372,4.58,2.65,3.08
01/08/1967,1.67365,-0.89,1.46,0.47
01/09/1967,3.60732,3.11,-2.47,3.1
01/10/1967,-6.00278,-3.09,-3.39,1.42
01/11/1967,-1.71842,0.37,-1.71,0.2
01/12/1967,9.62501,3.05,-0.39,5.73
01/01/1968,7.21217,-4.06,4.75,3.91
01/02/1968,-5.83669,-3.75,1.17,-2.95
01/03/1968,-2.18273,0.2,-0.59,-1.28
01/04/1968,14.8175,9.05,-1.03,5.73
01/05/1968,11.39872,2.28,0.84,6.43
01/06/1968,1.40557,0.69,0.67,-0.17
01/07/1968,3.13146,-2.72,5.48,-1.3
01/08/1968,5.61545,1.34,1,2.34
01/09/1968,7.80345,4.03,0.23,2.76
01/10/1968,3.7896,0.42,2.89,-0.47
01/11/1968,7.16865,5.43,-0.9,2.35
01/12/1968,0.28572,-3.94,0.02,3.44
01/01/1969,0.08688,-1.25,1.69,-0.78
01/02/1969,-9.45738,-5.84,0.91,-3.89
01/03/1969,1.73781,2.64,-0.46,-0.25
01/04/1969,0.43152,1.46,0.03,-0.88
01/05/1969,0.55934,-0.1,0.73,-0.27
01/06/1969,-15.40562,-7.18,-1.09,-5.39
01/07/1969,-9.10456,-7,1.42,-3.21
01/08/1969,0.61301,4.68,-3.87,0.94
01/09/1969,-5.88253,-2.98,-3.19,1.2
01/10/1969,5.46123,5.06,-3.19,3.81
01/11/1969,-8.49461,-3.79,-1.12,-2.53
01/12/1969,-11.31628,-2.63,-3.02,-3.67
01/01/1970,-0.46209,-8.1,3.04,2.9
01/02/1970,7.74339,5.13,4.04,-2.4
01/03/1970,1.87315,-1.06,4.25,-2.32
01/04/1970,-9.93193,-11,6.4,-6.11
01/05/1970,-7.65625,-6.92,3.6,-4.52
01/06/1970,-7.32812,-5.79,0.87,-2.16
01/07/1970,7.64836,6.93,0.96,-0.54
01/08/1970,7.83072,4.49,1.03,1.52
01/09/1970,7.23703,4.18,-5.58,8.62
01/10/1970,-7.22387,-2.28,0.27,-4.28
01/11/1970,1.86042,4.6,1.63,-4.07
01/12/1970,10.82533,5.72,1.01,2.97
01/01/1971,15.87128,4.84,1.38,7.37
01/02/1971,1.97949,1.41,-1.29,1.88
01/03/1971,1.79195,4.13,-4.04,2.54
01/04/1971,3.56596,3.15,0.72,-0.49
01/05/1971,-7.26521,-3.98,-1.38,-1.1
01/06/1971,-4.66833,-0.1,-2.06,-1.42
01/07/1971,-6.17304,-4.5,0.17,-1.5
01/08/1971,7.28847,3.79,2.67,-0.16
01/09/1971,-4.40327,-0.85,-2.96,0.41
01/10/1971,-7.2893,-4.42,-0.43,-1.8
01/11/1971,-6.30691,-0.46,-1.7,-2.85
01/12/1971,12.43864,8.71,-0.35,3.32
01/01/1972,12.79947,2.49,1.99,6.12
01/02/1972,0.83298,2.87,-2.76,1.37
01/03/1972,-2.04989,0.63,-1.73,-0.27
01/04/1972,0.61725,0.29,0.23,0.01
01/05/1972,-5.85588,1.25,-2.69,-2.79
01/06/1972,-5.47831,-2.43,-2.51,0.33
01/07/1972,-3.3016,-0.8,0.78,-2.89
01/08/1972,4.65119,3.26,4.69,-4.09
01/09/1972,-3.80185,-1.14,0.47,-2.67
01/10/1972,-0.98598,0.52,1.37,-2.74
01/11/1972,9.7939,4.6,4.76,-1.11
01/12/1972,-4.76578,0.62,-2.27,-1.86
01/01/1973,-3.96957,-3.29,2.68,-3.48
01/02/1973,-7.51153,-4.85,1.7,-3.99
01/03/1973,-1.00676,-1.3,2.78,-2.82
01/04/1973,-2.89564,-5.68,5.69,-3.99
01/05/1973,-10.23234,-2.94,0.21,-6.12
01/06/1973,-3.25408,-1.56,1.44,-2.95
01/07/1973,7.57041,5.05,-5.35,7.92
01/08/1973,-4.80752,-3.82,1.13,-2.02
01/09/1973,11.42178,4.75,2.19,2.94
01/10/1973,1.27371,-0.83,1.75,-0.23
01/11/1973,-16.82846,-12.75,4.09,-7.71
01/12/1973,-0.31132,0.61,4.1,-5.29
01/01/1974,20.03147,-0.17,5.98,9.76
01/02/1974,3.07203,-0.47,2.56,0.04
01/03/1974,0.10782,-2.81,-0.11,2.51
01/04/1974,-4.80118,-5.29,1.03,-0.7
01/05/1974,-11.25763,-4.68,-2.07,-3
01/06/1974,-2.0625,-2.83,0.77,-0.2
01/07/1974,0.00901,-8.05,5.14,0.92
01/08/1974,-6.88836,-9.35,2.5,-0.68
01/09/1974,-4.08788,-11.77,5.49,0.27
01/10/1974,-1.69345,16.1,-9.99,-3.51
01/11/1974,-6.2309,-4.51,-0.16,-1.17
01/12/1974,-9.46563,-3.45,0,-4.84
01/01/1975,38.93507,13.66,8.44,11.01
01/02/1975,-0.40778,5.56,-4.56,0.16
01/03/1975,10.72781,2.66,2.49,3.75
01/04/1975,2.09525,4.23,-1.11,-0.54
01/05/1975,4.49427,5.19,-4.02,3.83
01/06/1975,7.62287,4.83,1.32,0.76
01/07/1975,-1.02506,-6.59,1.7,2.69
01/08/1975,-8.06661,-2.85,-0.9,-3.2
01/09/1975,-4.0101,-4.26,0.34,-0.13
01/10/1975,0.82205,5.31,0.3,-4.02
01/11/1975,3.92039,2.64,1.99,-1.19
01/12/1975,-0.16746,-1.6,1.75,-0.76
01/01/1976,29.9544,12.16,8.58,4.8
01/02/1976,16.88739,0.32,5.78,7.03
01/03/1976,0.85525,2.32,-0.04,-1.17
01/04/1976,-1.62183,-1.49,-0.06,-0.03
01/05/1976,-4.68015,-1.34,-1.32,-1.24
01/06/1976,3.36532,4.05,0.68,-1.35
01/07/1976,1.65643,-1.07,1.74,0.3
01/08/1976,-1.97653,-0.56,0.79,-2.01
01/09/1976,1.70164,2.07,-0.29,0
01/10/1976,-2.31291,-2.42,-0.12,0.25
01/11/1976,5.30556,0.36,1.52,2.32
01/12/1976,12.44491,5.65,2.21,3
01/01/1977,7.60993,-4.05,4.26,4.78
01/02/1977,0.04711,-1.94,0.5,1.08
01/03/1977,1.22686,-1.37,1.02,0.99
01/04/1977,4.76413,0.15,3.47,-0.1
01/05/1977,1.13197,-1.45,0.84,1.18
01/06/1977,6.52311,4.71,-0.64,2.13
01/07/1977,0.09229,-1.69,-0.59,2.12
01/08/1977,-3.69703,-1.75,-2.79,1.52
01/09/1977,0.84869,-0.27,-0.49,1.45
01/10/1977,-0.50909,-4.38,1.72,1.27
01/11/1977,9.05211,4,0.31,3.72
01/12/1977,1.43604,0.27,-0.37,1.35
01/01/1978,1.18599,-6.01,3.31,2.22
01/02/1978,4.06673,-1.38,0.76,3.59
01/03/1978,8.82637,2.85,1.2,3.48
01/04/1978,3.63561,7.88,-3.54,0.4
01/05/1978,6.56913,1.76,-0.62,4.56
01/06/1978,1.18106,-1.69,0.59,1.69
01/07/1978,3.98229,5.11,-1.11,0.26
01/08/1978,9.41195,3.75,-0.46,5.06
01/09/1978,0.62796,-1.43,1.87,-0.39
01/10/1978,-22.37868,-11.91,1.36,-9.88
01/11/1978,3.42562,2.71,-2.22,3.01
01/12/1978,-0.56495,0.88,-2.19,1.24
01/01/1979,11.89712,4.23,2.27,3.66
01/02/1979,-1.41164,-3.56,1.2,0.45
01/03/1979,8.76387,5.68,-0.67,3.19
01/04/1979,4.06156,-0.06,1.05,2.18
01/05/1979,-0.23431,-2.21,1.32,0.16
01/06/1979,7.36286,3.85,1.48,1.17
01/07/1979,4.71236,0.82,1.7,1.26
01/08/1979,6.03588,5.53,-1.55,2.08
01/09/1979,-2.33485,-0.82,-0.87,-0.25
01/10/1979,-14.86043,-8.1,-1.86,-3.34
01/11/1979,4.2122,5.21,-3.25,2.74
01/12/1979,4.25134,1.79,-1.98,4.17
01/01/1980,10.06837,5.51,1.8,1.65
01/02/1980,-2.62773,-1.22,0.62,-1.82
01/03/1980,-22.69414,-12.9,-1.06,-6.64
01/04/1980,6.65265,3.97,1.06,0.97
01/05/1980,8.51518,5.26,0.39,2.16
01/06/1980,3.94568,3.06,-0.89,1.67
01/07/1980,3.21321,6.49,-6.3,4.25
01/08/1980,3.04458,1.8,-2.64,3.92
01/09/1980,-3.23244,2.19,-4.79,0.89
01/10/1980,0.36835,1.06,-2.74,2.47
01/11/1980,-5.95036,9.59,-8.35,-3.45
01/12/1980,-1.25599,-4.52,2.68,-0.28
01/01/1981,7.94105,-5.04,6.84,3
01/02/1981,1.51058,0.57,0.97,-0.31
01/03/1981,8.94339,3.56,0.67,3.58
01/04/1981,6.40745,-2.11,2.26,4.42
01/05/1981,1.98931,0.11,-0.43,2
01/06/1981,3.56242,-2.36,5.13,-0.85
01/07/1981,-5.14534,-1.54,-0.66,-2.18
01/08/1981,-2.92928,-7.04,4.84,-1.95
01/09/1981,-3.4331,-7.17,5.2,-2.66
01/10/1981,1.85794,4.92,-4.21,2.13
01/11/1981,4.81035,3.36,1.9,-0.96
01/12/1981,-1.24677,-3.65,0.74,1.17
01/01/1982,-0.53187,-3.24,3.17,-1.29
01/02/1982,3.00157,-5.86,6.1,0.49
01/03/1982,3.03804,-1.87,3.78,-0.19
01/04/1982,1.37167,3.27,-2.78,1.51
01/05/1982,-0.98214,-3.99,1.81,0.47
01/06/1982,-1.52307,-3.09,1.54,-0.4
01/07/1982,-1.98795,-3.19,0.15,0.84
01/08/1982,7.77898,11.14,1.16,-4.11
01/09/1982,5.32069,1.29,0.34,2.88
01/10/1982,9.30193,11.3,-3.68,2.35
01/11/1982,7.94459,4.67,-1.96,4.77
01/12/1982,0.34522,0.55,0.01,-0.18
01/01/1983,5.79857,3.6,-0.86,2.7
01/02/1983,7.51677,2.59,0.67,3.23
01/03/1983,7.86678,2.82,2.07,1.77
01/04/1983,8.23221,6.67,0.6,0.53
01/05/1983,6.21788,0.52,-1.4,6.16
01/06/1983,-1.05073,3.07,-3.87,0.91
01/07/1983,5.3611,-4.07,5.62,1.46
01/08/1983,1.77365,-0.5,5.55,-4.3
01/09/1983,3.10937,0.91,1.09,0.56
01/10/1983,-1.00483,-3.44,5.06,-3.6
01/11/1983,3.84878,2.16,-0.62,2.04
01/12/1983,0.12715,-1.78,1.67,-0.29
01/01/1984,7.9462,-1.92,7.63,-0.43
01/02/1984,-2.39745,-4.82,3.36,-1.71
01/03/1984,1.37217,0.63,0.48,0.07
01/04/1984,-0.24333,-0.51,1.29,-1.2
01/05/1984,-5.65457,-5.97,0.26,0.03
01/06/1984,-2.11459,1.82,-2.6,-0.32
01/07/1984,-4.8269,-2.74,0.49,-2.21
01/08/1984,7.57605,10.28,-1.85,-0.25
01/09/1984,6.71034,-0.8,5.32,0.2
01/10/1984,-1.63503,-0.84,0.51,-1.2
01/11/1984,3.03704,-1.76,4.08,-0.62
01/12/1984,0.89381,1.84,-0.17,-0.6
01/01/1985,4.70753,7.99,-5.43,3.27
01/02/1985,2.01334,1.22,-0.12,0.76
01/03/1985,3.3291,-0.84,4.1,-1.15
01/04/1985,4.30126,-0.96,3.73,0.14
01/05/1985,1.19297,5.09,-0.86,-2.25
01/06/1985,2.40874,1.27,0.4,0.46
01/07/1985,0.54459,-0.74,-1.63,2.85
01/08/1985,1.66074,-1.02,2.28,-0.34
01/09/1985,-4.73462,-4.54,1.32,-1.58
01/10/1985,3.18828,4.02,0.78,-1.57
01/11/1985,2.91785,6.48,-2.87,0.23
01/12/1985,1.23041,3.88,-1.53,-0.49
01/01/1986,2.88937,0.65,0.53,1.22
01/02/1986,5.12231,7.13,-0.94,-0.65
01/03/1986,3.69777,4.88,-0.44,-0.52
01/04/1986,-1.71479,-1.31,-2.85,2.84
01/05/1986,2.89319,4.62,-0.11,-1.32
01/06/1986,1.83903,1.03,1.4,-0.91
01/07/1986,-4.16319,-6.45,4.78,-3.38
01/08/1986,5.80716,6.07,3.52,-4.17
01/09/1986,-1.54061,-8.6,3.19,2.28
01/10/1986,-0.13946,4.66,-1.32,-2.48
01/11/1986,-1.25763,1.17,-0.06,-1.92
01/12/1986,-2.71245,-3.27,0.37,0.08
01/01/1987,6.04265,12.47,-3.18,-1.81
01/02/1987,0.56857,4.39,-5.99,3.49
01/03/1987,4.38712,1.64,1.66,0.37
01/04/1987,-4.67032,-2.11,-0.33,-1.69
01/05/1987,-0.36426,0.11,0.13,-0.53
01/06/1987,2.75719,3.94,1.07,-2.18
01/07/1987,3.96283,3.85,0.66,-0.67
01/08/1987,1.43817,3.52,-0.9,-0.72
01/09/1987,-1.59247,-2.59,0.28,0.52
01/10/1987,-28.15268,-23.24,4.23,-8.43
01/11/1987,-0.15673,-7.77,3.14,2.77
01/12/1987,0.92788,6.81,-4.49,0.13
01/01/1988,10.24269,4.21,5.08,-0.77
01/02/1988,6.7031,4.75,-1.65,3.36
01/03/1988,6.31802,-2.27,0.74,6.16
01/04/1988,4.05198,0.56,1.69,0.96
01/05/1988,-0.41893,-0.29,2.3,-2.64
01/06/1988,6.05546,4.79,-1.07,2.16
01/07/1988,1.58543,-1.25,2.27,-0.21
01/08/1988,-0.5308,-3.31,2.03,0.04
01/09/1988,0.8619,3.3,-0.68,-1.25
01/10/1988,-0.0833,1.15,1.71,-2.9
01/11/1988,-2.77178,-2.29,1.24,-1.74
01/12/1988,1.7983,1.49,-1.55,1.95
01/01/1989,4.23846,6.1,0.51,-2.14
01/02/1989,2.31555,-2.25,0.87,2.76
01/03/1989,3.12184,1.57,0.46,0.74
01/04/1989,1.67935,4.33,-1.45,-0.59
01/05/1989,2.22979,3.35,-0.82,-0.04
01/06/1989,0.38076,-1.35,2.19,-1.01
01/07/1989,-1.54792,7.2,-2.84,-4.02
01/08/1989,3.04971,1.44,0.72,0.5
01/09/1989,-2.24878,-0.76,-1.34,0.28
01/10/1989,-9.19734,-3.67,-1.03,-3.3
01/11/1989,-2.02743,1.03,-1.12,-1.24
01/12/1989,-1.41977,1.16,0.28,-2.41
01/01/1990,-8.34955,-7.85,0.87,-1.29
01/02/1990,3.21874,1.11,0.61,1.03
01/03/1990,-0.24213,1.83,-2.9,1.52
01/04/1990,-7.50899,-3.36,-2.55,-0.5
01/05/1990,0.23561,8.42,-3.74,-2.57
01/06/1990,-1.98416,-1.09,-1.94,1.43
01/07/1990,-5.89421,-1.9,-0.01,-3.21
01/08/1990,-12.53693,-10.15,1.58,-3.58
01/09/1990,-9.73127,-6.12,0.73,-3.67
01/10/1990,-8.43436,-1.92,0.22,-5.5
01/11/1990,2.52409,6.35,-3.16,0.33
01/12/1990,1.35364,2.46,-1.54,0.79
01/01/1991,6.91009,4.69,-1.84,3.79
01/02/1991,11.42776,7.19,-0.54,3.96
01/03/1991,5.79301,2.65,-1.23,3.89
01/04/1991,2.27172,-0.28,1.42,0.5
01/05/1991,2.5017,3.65,-0.57,-0.34
01/06/1991,-3.25085,-4.94,1.21,0.07
01/07/1991,1.43123,4.24,-1.25,-0.93
01/08/1991,3.251,2.32,-0.78,1.59
01/09/1991,-0.97066,-1.59,-1,1.63
01/10/1991,1.8305,1.29,-0.43,0.9
01/11/1991,-7.46135,-4.19,-1.93,-0.48
01/12/1991,2.69624,10.84,-4.03,-2.24
01/01/1992,16.01805,-0.59,4.51,8.47
01/02/1992,10.89395,1.09,6.37,0.88
01/03/1992,1.02675,-2.66,3.65,-1.03
01/04/1992,-0.58948,1.07,4.31,-6.12
01/05/1992,2.53582,0.3,1.28,0.39
01/06/1992,-1.53866,-2.34,3.4,-3.09
01/07/1992,2.54315,3.77,-0.53,-0.44
01/08/1992,-3.97349,-2.38,-1.03,-0.12
01/09/1992,1.6086,1.19,-0.21,0.56
01/10/1992,0.68428,1.02,-2.1,2.05
01/11/1992,6.72226,4.13,-1.48,3.7
01/12/1992,7.01616,1.53,2.52,1.64
01/01/1993,11.45976,0.93,5.87,2.03
01/02/1993,4.65153,0.12,6.42,-3.43
01/03/1993,4.26885,2.3,1.22,0.23
01/04/1993,-0.39181,-3.05,2.61,-0.7
01/05/1993,0.68894,2.89,-3.41,1.96
01/06/1993,3.50583,0.31,2.62,-0.31
01/07/1993,5.23809,-0.34,3.25,0.93
01/08/1993,3.52475,3.71,-0.45,0.31
01/09/1993,3.12339,-0.12,-0.44,3.11
01/10/1993,1.12403,1.41,-1.54,1.46
01/11/1993,-4.02703,-1.89,-0.27,-1.42
01/12/1993,3.96204,1.65,0.56,1.23
01/01/1994,5.94345,2.87,2.1,0.14
01/02/1994,-1.18825,-2.55,-1.46,2.74
01/03/1994,-4.28199,-4.78,1.29,-0.98
01/04/1994,1.84288,0.68,1.67,-0.92
01/05/1994,-1.61371,0.58,0.2,-2.01
01/06/1994,-1.32222,-3.03,1.69,-0.45
01/07/1994,1.57604,2.82,0.62,-1.72
01/08/1994,1.8853,4.01,-2.8,1.34
01/09/1994,-1.44459,-2.31,-1.91,2.83
01/10/1994,-3.92772,1.34,-1.74,-2.35
01/11/1994,-5.0474,-4.04,-0.94,0.26
01/12/1994,1.64858,0.86,0.54,0.04
01/01/1995,-0.33044,1.8,0.81,-2.64
01/02/1995,4.32817,3.63,1.09,-0.67
01/03/1995,-0.12368,2.19,-1.09,-0.69
01/04/1995,4.45131,2.11,2.27,-0.63
01/05/1995,2.55687,2.9,1.72,-2.21
01/06/1995,3.25448,2.72,-2.28,2.93
01/07/1995,4.07057,3.72,-1.67,2.09
01/08/1995,6.22373,0.55,2.71,1.59
01/09/1995,-0.23018,3.35,-0.75,-2.11
01/10/1995,-7.16831,-1.52,-0.73,-3.75
01/11/1995,3.8612,3.96,0.94,-1.16
01/12/1995,2.94948,1.03,0.87,0.58
01/01/1996,-0.52376,2.26,0.31,-2.62
01/02/1996,1.74158,1.33,-1.42,1.89
01/03/1996,3.7394,0.73,1.01,1.31
01/04/1996,2.79929,2.06,-3.91,4.91
01/05/1996,4.50833,2.36,-1.2,3.05
01/06/1996,-3.45019,-1.14,1.56,-3.58
01/07/1996,-4.68871,-5.97,4.45,-3.83
01/08/1996,5.01385,2.77,-0.46,2.3
01/09/1996,-0.32018,5.01,-3.15,-0.88
01/10/1996,2.39443,0.86,5.13,-4.44
01/11/1996,3.11453,6.25,1.17,-3.89
01/12/1996,3.42592,-1.7,0.88,3.19
01/01/1997,0.52469,4.98,-1.64,-1.84
01/02/1997,3.0079,-0.49,5.2,-2.91
01/03/1997,-0.35202,-5.02,3.81,-0.38
01/04/1997,-2.95712,4.04,-0.06,-5.65
01/05/1997,7.56027,6.74,-3.89,4.9
01/06/1997,7.4597,4.1,1.23,1.32
01/07/1997,5.07529,7.33,0.82,-2.8
01/08/1997,6.70886,-4.15,1.38,7.31
01/09/1997,8.64764,5.35,0.01,2.61
01/10/1997,-2.01242,-3.8,1.95,-0.68
01/11/1997,-2.03375,2.98,0.78,-4.95
01/12/1997,3.15776,1.32,3.45,-2.35
01/01/1998,-3.25958,0.15,-1.45,-1.16
01/02/1998,6.95635,7.04,-0.13,0.01
01/03/1998,5.10016,4.76,1.05,-0.93
01/04/1998,2.00138,0.73,0.73,0.21
01/05/1998,-2.04197,-3.07,4.16,-3.75
01/06/1998,-3.86409,3.18,-2.33,-3.16
01/07/1998,-10.12156,-2.46,-0.96,-5.12
01/08/1998,-18.17289,-16.08,3.4,-5.31
01/09/1998,1.53505,6.15,-3.31,-0.14
01/10/1998,0.13489,7.13,-2.21,-3.29
01/11/1998,3.19368,6.1,-3.15,1.07
01/12/1998,-0.29736,6.16,-4.46,-0.35
01/01/1999,-1.50137,3.5,-4.03,0.37
01/02/1999,-9.20549,-4.08,1.4,-5.67
01/03/1999,-4.95884,3.45,-2.65,-3.92
01/04/1999,12.77109,4.33,2.53,4
01/05/1999,5.00543,-2.46,2.4,3.42
01/06/1999,3.66678,4.77,-3.6,3.05
01/07/1999,-1.28269,-3.49,-0.76,2.67
01/08/1999,-4.7562,-1.38,-1.31,-1.27
01/09/1999,-3.32773,-2.79,-3.39,3.34
01/10/1999,-6.33463,6.12,-2.89,-6.95
01/11/1999,3.6059,3.37,-6.51,7.37
01/12/1999,4.68246,7.72,-8.73,7.12
01/01/2000,0.93722,-4.74,-0.28,4.95
01/02/2000,15.68922,2.45,-9.93,21.7
01/03/2000,-5.49502,5.2,7.37,-16.87
01/04/2000,-4.23438,-6.4,8.61,-7.72
01/05/2000,-7.27806,-4.42,2.57,-5.11
01/06/2000,8.3158,4.64,-9.86,13.85
01/07/2000,5.0569,-2.51,8.06,-2.76
01/08/2000,4.8036,7.03,-0.66,-1.15
01/09/2000,1.22535,-5.45,6.13,-1.32
01/10/2000,0.20778,-2.76,5.64,-3.81
01/11/2000,1.12376,-10.72,11.26,-2.77
01/12/2000,12.4631,1.19,7.38,0.96
01/01/2001,4.60506,3.13,-4.86,6.54
01/02/2001,6.52805,-10.05,12.87,-0.72
01/03/2001,1.91798,-7.26,6.46,0.35
01/04/2001,2.2524,7.94,-4.72,0.54
01/05/2001,8.23447,0.72,3.17,2.58
01/06/2001,4.06188,-1.94,-1.03,6.03
01/07/2001,0.09251,-2.13,5.57,-4.35
01/08/2001,-0.03736,-6.46,2.5,2.5
01/09/2001,-14.73205,-9.25,1.6,-6.12
01/10/2001,0.83893,2.46,-8.1,7.63
01/11/2001,9.87634,7.54,2.01,-0.41
01/12/2001,8.76673,1.61,1.1,4.57
01/01/2002,4.55048,-1.44,3.33,1.19
01/02/2002,-0.26265,-2.29,2.5,-1.1
01/03/2002,11.02005,4.24,1.1,4.23
01/04/2002,7.44392,-5.2,3.93,5.94
01/05/2002,-3.06519,-1.38,1.68,-3.21
01/06/2002,-1.85821,-7.21,0.12,4.27
01/07/2002,-19.51888,-8.18,-3.44,-5.3
01/08/2002,0.95187,0.5,2.53,-2.44
01/09/2002,-5.49155,-10.35,1.32,2.57
01/10/2002,-3.09135,7.84,-5.45,-2.9
01/11/2002,8.009,5.96,-1.12,2.84
01/12/2002,-2.76793,-5.76,2.23,0.01
01/01/2003,-2.18116,-2.57,-0.94,1.38
01/02/2003,-4.29868,-1.88,-1.45,-0.34
01/03/2003,-0.62038,1.09,-2.07,0.89
01/04/2003,10.40982,8.22,1.03,0.56
01/05/2003,11.50766,6.05,-0.29,4.69
01/06/2003,4.43588,1.42,0.69,1.67
01/07/2003,7.27895,2.35,-1.14,5.24
01/08/2003,8.34107,2.34,2.03,2.6
01/09/2003,-0.24681,-1.24,0.01,0.8
01/10/2003,11.86879,6.08,1.77,2.68
01/11/2003,6.39443,1.35,1.85,2.02
01/12/2003,3.92686,4.29,2.41,-3
01/01/2004,8.32585,2.15,1.97,2.8
01/02/2004,0.34443,1.4,0.5,-1.43
01/03/2004,1.12412,-1.32,0.22,1.75
01/04/2004,-7.96907,-1.83,-2.62,-2.06
01/05/2004,0.4006,1.17,-0.39,-0.21
01/06/2004,6.56059,1.86,1.39,2.26
01/07/2004,-3.19482,-4.06,4.11,-3.81
01/08/2004,-0.5192,0.08,1.03,-1.62
01/09/2004,5.01975,1.6,-0.25,3.03
01/10/2004,0.96032,1.43,-0.63,0.31
01/11/2004,11.85316,4.54,1.79,3.9
01/12/2004,3.49848,3.43,-0.08,0.11
01/01/2005,-1.97362,-2.76,1.96,-1.51
01/02/2005,3.54419,1.89,1.65,-0.5
01/03/2005,-1.49255,-1.97,1.61,-1.37
01/04/2005,-8.02114,-2.61,-0.35,-3.98
01/05/2005,6.13769,3.65,-0.81,2.88
01/06/2005,7.40693,0.57,2.63,2.62
01/07/2005,6.87075,3.92,-0.52,2.93
01/08/2005,-0.64159,-1.22,1.27,-0.92
01/09/2005,0.82303,0.49,0.77,-0.58
01/10/2005,-3.22788,-2.02,0.22,-1.21
01/11/2005,3.14398,3.61,-1.19,0.9
01/12/2005,-0.21609,-0.25,0.44,-0.46
01/01/2006,11.31005,3.04,1.13,5.42
01/02/2006,-1.09212,-0.3,-0.25,-0.37
01/03/2006,6.66026,1.46,0.6,3.54
01/04/2006,2.64977,0.73,2.61,-1.34
01/05/2006,-3.90416,-3.57,2.54,-3.05
01/06/2006,0.40668,-0.35,0.87,-0.35
01/07/2006,-1.79433,-0.78,2.94,-4.07
01/08/2006,0.84328,2.03,-1.71,0.91
01/09/2006,0.22095,1.84,0.04,-1.37
01/10/2006,5.3555,3.23,-0.03,1.73
01/11/2006,2.90155,1.71,0.08,0.86
01/12/2006,3.84391,0.87,3.16,-1.1
01/01/2007,1.38442,1.4,-0.11,0.1
01/02/2007,-0.4919,-1.96,-0.1,1.32
01/03/2007,0.33002,0.68,-0.22,-0.05
01/04/2007,-0.57445,3.49,-1.15,-2.06
01/05/2007,3.24056,3.24,-0.04,0.02
01/06/2007,-2.55552,-1.96,-1.12,0.77
01/07/2007,-11.41959,-3.73,-3.33,-2.51
01/08/2007,-2.29548,0.92,-2.24,-0.13
01/09/2007,-2.10196,3.22,-1.86,-2.29
01/10/2007,-1.44947,1.8,-2.6,0.22
01/11/2007,-9.7313,-4.83,-1.18,-2.62
01/12/2007,-1.32034,-0.87,-0.51,0.2
01/01/2008,-2.56666,-6.36,3.65,-0.9
01/02/2008,-4.70152,-3.09,-0.94,-0.24
01/03/2008,0.03268,-0.93,-0.14,0.95
01/04/2008,1.32906,4.6,-0.95,-1.64
01/05/2008,3.96177,1.86,-1.38,3.22
01/06/2008,-10.27186,-8.44,-2.42,1.28
01/07/2008,10.27966,-0.77,5.88,2.45
01/08/2008,8.08224,1.53,1.52,3.61
01/09/2008,-2.13408,-9.24,6.33,-1.16
01/10/2008,-24.2476,-17.23,-2.89,-2.32
01/11/2008,-19.82982,-7.86,-6.02,-2.96
01/12/2008,5.86739,1.74,-0.25,3.61
01/01/2009,-23.38549,-8.12,-11.18,0.08
01/02/2009,-19.87518,-10.1,-7.27,0.22
01/03/2009,13.81336,8.95,3.56,-0.08
01/04/2009,23.74588,10.19,5.53,4.77
01/05/2009,2.07488,5.21,-0.23,-2.34
01/06/2009,-0.0442,0.43,-2.72,2.62
01/07/2009,17.57136,7.72,5.28,2.07
01/08/2009,12.85021,3.33,7.75,-0.9
01/09/2009,8.43276,4.08,0.93,2.46
01/10/2009,-13.55243,-2.59,-4.18,-4.23
01/11/2009,2.29985,5.56,-0.17,-2.5
01/12/2009,10.31868,2.75,0,6.1
